{
  "weightPython": 0.6337379047941463,
  "weightHeuristic": 0.5303756865406388,
  "threshold": 0.4153081984909184
}